{
    "12": 0.6818906595771825,
    "13": 0.6485965267433162,
    "14": 0.5070684488953491,
    "17": 0.4965277962908612,
    "18": 0.49565971169735695,
    "19": 0.4897073512601469,
    "20": 0.48958334926257807,
    "21": 0.4895833434440906,
    "22": 0.48784721055908864,
    "23": 0.486111112186414,
    "24": 0.3512356197553776,
    "25": 0.31045616815647503,
    "11": 1.0,
    "10": 1.0,
    "9": 1.0,
    "8": 1.0,
    "7": 1.0,
    "6": 1.0,
    "5": 1.0,
    "4": 1.0,
    "3": 1.0,
    "2": 1.0,
    "1": 1.0,
    "16": 0.5,
    "15": 0.5,
    "26": 0.0,
    "27": 0.0,
    "28": 0.0,
    "29": 0.0,
    "30": 0.0,
    "31": 0.0,
    "32": 0.0,
    "33": 0.0,
    "34": 0.0,
    "35": 0.0,
    "36": 0.0
}